INSERT INTO STAFF VALUES
    ('D1487832','randi25@dashh.ca','Cathryn Volkman','00b40u38','(847)751-0158'),
    ('D4662778','elian.flatley@dashh.ca','Pearline King','00p74v36','(906)060-6217'),
    ('D6895823','erna44@dashh.ca','Ali Conroy','00x48r89','(676)057-5972'),
    ('D6394353','dare.heidi@dashh.ca','Pansy O''Kon','00y51t43','(230)100-1880'),
    ('D4718963','thomas94@dashh.ca','Dr. Dagmar Schmidt','01o26b57','(629)119-9664'),
    ('D1501237','drunte@dashh.ca','Nickolas Johnson','02l91w21','(957)145-2026'),
    ('D7895025','collins.jackson@dashh.ca','Dr. Ralph Kirlin Jr.','03d42a41','(488)642-4803'),
    ('D8249792','leonora30@dashh.ca','Bonnie Erdman','06p52y53','(739)173-0888'),
    ('D2135117','porter.feeney@dashh.ca','Prof. Gerhard Hills ','06q95f40','(505)110-1114'),
    ('D8187674','aubrey26@dashh.ca','Elinore Beer','07e50m52','(753)590-9410'),
    ('D9061424','pfannerstill.estell@dashh.ca','Mrs. Eloise Klocko','07k79l62','(995)600-5133'),
    ('D2930710','ibeer@dashh.ca','Miss Alva Gislason D','07r36l25','(783)250-9190'),
    ('D5673489','swaniawski.lorine@dashh.ca','Hassie Bergstrom','07s95x85','(562)000-9321'),
    ('D5863027','wolff.aurelie@dashh.ca','Kelley Schoen','07z68v12','(135)833-1706'),
    ('D6454048','ivah.gusikowski@dashh.ca','Rafael Tromp','09e55u87','(294)304-8410'),
    ('D1156873','arnaldo.maggio@dashh.ca','Madalyn Deckow','09t39c87','(488)451-1826'),
    ('D1474955','javonte.rippin@dashh.ca','Humberto Marks','10d62w58','(008)552-3421'),
    ('D3563865','eriberto93@dashh.ca','Prof. Isidro Beer I','10l06i25','(263)127-7547'),
    ('D1252049','juvenal63@dashh.ca','Prof. Teresa Runolfs','11h74n39','(277)443-1785'),
    ('D5865436','pmorissette@dashh.ca','Reinhold Kunde','11j91c38','(580)365-1446'),
    ('D9795322','jaime.franecki@dashh.ca','Dixie Lueilwitz','12b81v12','(495)985-1349'),
    ('D3539247','schowalter.eldridge@dashh.ca','Mrs. Hortense Dare I','12z69x29','(148)186-2158'),
    ('D6585460','felipa29@dashh.ca','Kailee Doyle Sr.','13w55u64','(018)731-7045'),
    ('D9843191','christiana90@dashh.ca','Agustina Keeling III','15j77p84','(485)212-5810'),
    ('D2146208','bauch.myrtie@dashh.ca','Prof. Ansel Wintheis','15k42d87','(600)739-1056'),
    ('D6407274','xcruickshank@dashh.ca','Prof. Ilene Kertzman','16h88c64','(725)416-9438'),
    ('D2490510','omer.lesch@dashh.ca','Prof. Devan Feil Jr.','16s64q03','(063)337-1513'),
    ('D7259807','tamara.maggio@dashh.ca','Verlie Tromp','17f67o52','(981)575-8027'),
    ('D7218535','luisa49@dashh.ca','Dr. Norwood Bins','18p77t83','(643)889-6335'),
    ('D2750066','rohan.jameson@dashh.ca','Jerrell Hamill','19h64j58','(956)229-0697'),
    ('D3848100','ezekiel33@dashh.ca','Mrs. Kiarra Ward I','19l20p61','(163)828-0685'),
    ('D7068973','schuppe.vernice@dashh.ca','Rudolph Schmitt','19o32e97','(961)559-8134'),
    ('D9833810','will.tony@dashh.ca','Mariela Wintheiser','21l75i97','(159)986-2062'),
    ('D7628013','kyla.torphy@dashh.ca','Janice Reilly','22e51b75','(510)345-8945'),
    ('D3827920','keyon.mann@dashh.ca','Kayley McKenzie','22p58q33','(004)920-8222'),
    ('D9524546','odeckow@dashh.ca','Lamar Muller','22w64w91','(796)238-0026'),
    ('D7683565','koelpin.joany@dashh.ca','Loma Beahan','22y82k32','(162)868-9941'),
    ('D5117894','hjohnston@dashh.ca','Kendra Crona','22y94p53','(230)659-4006'),
    ('D7957726','swaniawski.hayden@dashh.ca','Dr. Kevin Steuber MD','23k68q57','(173)041-6046'),
    ('D5531039','toy.connelly@dashh.ca','Dane Jerde','23p42r83','(737)859-7164'),
    ('D9314259','katlynn.o''conner@dashh.ca','Nicklaus Reynolds','24t39r60','(038)520-3682'),
    ('D8262840','rhett.ondricka@dashh.ca','Else Beahan','25b14e56','(907)886-0698'),
    ('D8469398','hoberbrunner@dashh.ca','Fatima McKenzie','25e04k18','(209)046-6968'),
    ('D2947209','jacobi.stefan@dashh.ca','Chelsea Wehner','25h19q89','(919)723-0959'),
    ('D3945509','leola25@dashh.ca','Mr. Price Marks','25m49a13','(017)064-8885'),
    ('D8285155','howell.deion@dashh.ca','Mrs. Clare Mante','25w62d24','(876)036-2717'),
    ('D9593427','barrows.reece@dashh.ca','Adele Larkin','25x18z84','(265)257-2427'),
    ('D7562607','clemens.ritchie@dashh.ca','Rosa Rau','26a33l07','(417)459-8319'),
    ('D6847619','ernesto30@dashh.ca','Meta Gibson','26i41v38','(175)425-2757'),
    ('D3189068','qstrosin@dashh.ca','Martina Bednar DVM','26s28e03','(174)862-3749'),
    ('N4016985','thompson.faye@dashh.ca','Destiney Dare','27y32n35','(046)386-2194'),
    ('N4952450','xprosacco@dashh.ca','Aurore Buckridge','28j55b05','(665)375-3952'),
    ('N6672953','alexzander35@dashh.ca','Dr. Ronny DuBuque DD','28s27n19','(646)371-8972'),
    ('N7506829','dibbert.carolyne@dashh.ca','Prof. Everardo Cruic','29c59h72','(656)361-8140'),
    ('N2128058','walter.audreanne@dashh.ca','Baby VonRueden','29e01e40','(658)454-7415'),
    ('N8614945','frederick.ruecker@dashh.ca','Cleta Johns PhD','29n45c73','(942)006-0975'),
    ('N2844174','igutmann@dashh.ca','Ernest Carroll','29s01u07','(989)328-0025'),
    ('N8995218','cathy.grady@dashh.ca','Jackie Brekke','29u59w99','(743)222-9512'),
    ('N2957012','nrolfson@dashh.ca','Mrs. Retha Zboncak D','30i85s36','(840)598-9946'),
    ('N4487689','fgleichner@dashh.ca','Pinkie Considine','30s39p51','(081)053-7470'),
    ('N9903600','ladarius67@dashh.ca','Miss Alycia Wunsch','30w15n53','(995)748-1626'),
    ('N3534715','pierre.baumbach@dashh.ca','Gordon Hettinger','31i38y07','(137)287-2020'),
    ('N6547406','monahan.russell@dashh.ca','Zechariah Klein','31r51t60','(771)525-5870'),
    ('N8912130','kylie10@dashh.ca','Travis Cole Sr.','31v19r35','(101)072-3183'),
    ('N3700309','lorna96@dashh.ca','Dr. Jalen Christians','34k28x98','(355)644-5675'),
    ('N3906802','nedra15@dashh.ca','Willard Erdman Sr.','35f18n48','(113)156-9109'),
    ('N9678373','creichel@dashh.ca','Gabrielle DuBuque','35h70n39','(732)240-9128'),
    ('N1062984','jacynthe.goldner@dashh.ca','Roel Mitchell','35l73l56','(434)063-8527'),
    ('N3161399','orn.kaelyn@dashh.ca','Ms. Rosamond Hansen ','35w31q40','(142)605-1587'),
    ('N4419417','riley.dach@dashh.ca','Annabell Strosin III','36t12d51','(671)687-1897'),
    ('N8357803','heidi.lubowitz@dashh.ca','Dr. Jovany Sanford D','37u19y72','(373)580-6243'),
    ('N7261451','okeeling@dashh.ca','Dr. Adan Frami V','38d50r25','(776)303-9424'),
    ('N6194993','blaze63@dashh.ca','Triston Tillman','38m83s28','(837)094-2869'),
    ('N3817043','dkihn@dashh.ca','Dr. Colin Nitzsche D','38s41o07','(590)373-8783'),
    ('N8248636','parker.haley@dashh.ca','Linnea Buckridge','39c65s05','(368)178-7221'),
    ('N1848693','marley.raynor@dashh.ca','Alvis Dietrich','40p62w06','(667)969-3446'),
    ('N5727781','raven44@dashh.ca','Abigale Frami','41a43i88','(186)160-5020'),
    ('N3529140','fritz24@dashh.ca','Prof. Destiney Kohle','41f43k75','(139)725-3990'),
    ('N5850679','ekerluke@dashh.ca','Mr. Brenden Jones I','41i65k28','(084)069-4066'),
    ('N4732950','jacobi.kamryn@dashh.ca','Albin Gislason','41k56z93','(178)137-5489'),
    ('N5407599','yhills@dashh.ca','Kelsi Boyer','42d71b87','(794)731-2495'),
    ('N6900235','blanda.amani@dashh.ca','Mariana Bartell','42u97f44','(582)073-6499'),
    ('N6269244','stella13@dashh.ca','Leonard Satterfield','42x45a44','(348)205-2692'),
    ('N5298707','stracke.deonte@dashh.ca','Monserrat Heaney','42y96z29','(104)180-1935'),
    ('N1052541','devyn.hayes@dashh.ca','Prof. Deshawn Moscis','44k86b65','(009)140-1629'),
    ('N9967693','vallie.emmerich@dashh.ca','Dave Schowalter','44t64a69','(008)132-2390'),
    ('N7745928','prohaska.eileen@dashh.ca','Chase Hoeger','46p04d03','(976)430-0875'),
    ('N3926757','jimmie.haley@dashh.ca','Miss Elenor Trantow','46z71b87','(146)553-9292'),
    ('N3115109','deven63@dashh.ca','Carey Abernathy','47a44f42','(469)127-1946'),
    ('N7830652','omosciski@dashh.ca','Josue Schaden','48e96e09','(766)692-0995'),
    ('N4269264','cemard@dashh.ca','Alberto Cummings','48g03u47','(738)790-0832'),
    ('N9586114','jerod22@dashh.ca','Daphne McCullough','48w05o80','(275)406-9388'),
    ('N2781701','boehm.claud@dashh.ca','Dr. Krystina Crist J','49y18o05','(438)173-5630'),
    ('N4592018','russ.gutkowski@dashh.ca','Yasmeen Rohan','50e15w12','(286)102-5793'),
    ('N1462032','pearl70@dashh.ca','Maegan Frami','50s02f99','(240)760-7255'),
    ('N1069581','ophelia.corkery@dashh.ca','Einar Hintz','51r34t76','(970)789-3200'),
    ('N2029556','martina95@dashh.ca','Jessika Gutkowski II','51r49h84','(735)870-9288'),
    ('N8304154','teagan69@dashh.ca','Effie Jast','53b74s76','(739)685-7149'),
    ('N2451753','nader.carley@dashh.ca','Dusty Dooley','53l05h70','(361)321-4931'),
    ('N9253309','lynch.darrion@dashh.ca','Serenity Deckow II','53n47o82','(914)110-5974'),
    ('N6702384','nmcclure@dashh.ca','Melvina Lockman PhD','53y68w92','(727)221-8938'),
    ('N1737640','christop68@dashh.ca','Vivianne Thiel','55k18a18','(376)136-4538'),
    ('N2504376','hlabadie@dashh.ca','Prof. Taurean Hettin','55n51o46','(720)682-0434'),
    ('N6368454','fkunze@dashh.ca','Prof. Sigrid Yundt','55x72f73','(898)927-1937'),
    ('N2357255','bmosciski@dashh.ca','Mr. Jakob Wunsch','58h74q81','(387)376-8767'),
    ('N5787029','dominique.harvey@dashh.ca','Dr. Jammie Ebert I','59t66e19','(271)206-7949'),
    ('N6431294','haag.pascale@dashh.ca','Houston McKenzie','60w56e53','(102)277-9991'),
    ('N6434573','katlyn.o''keefe@dashh.ca','Nelson Bode','61d90u86','(821)760-9473'),
    ('N8191416','fstracke@dashh.ca','Tianna Willms Jr.','61e22o18','(782)871-5769'),
    ('N1544473','aliyah.williamson@dashh.ca','Lurline Reichert Sr.','61e88d41','(142)382-5360'),
    ('N8548390','stroman.jesse@dashh.ca','Davon Hodkiewicz','62c35d50','(202)371-2748'),
    ('N7998331','rey82@dashh.ca','Mr. Vince Kessler','62f03o61','(867)741-8492'),
    ('N6829196','sammy.schiller@dashh.ca','Emil Hudson','62l74i21','(759)968-7526'),
    ('N3406406','eladio34@dashh.ca','Daisha Gutkowski','63p12i51','(044)190-2983'),
    ('N7736931','verda71@dashh.ca','Prof. Bennett Greenf','63t50j20','(181)777-2527'),
    ('N5401322','keeling.carlie@dashh.ca','Kaitlyn Bednar MD','64a81o44','(094)223-1120'),
    ('N3197976','marian44@dashh.ca','Karlie Hackett','64w25o67','(897)327-1160'),
    ('N6335277','carli87@dashh.ca','Dr. Freda Franecki','66v71u41','(765)879-8033'),
    ('N6596624','kuphal.myrtie@dashh.ca','Delores Stoltenberg','67j21f01','(329)649-3232'),
    ('N5615367','mglover@dashh.ca','Nola Baumbach IV','67m50t05','(756)835-3069'),
    ('N5494590','eklein@dashh.ca','Mr. Enrico Lubowitz ','68m34m63','(592)164-5641'),
    ('N8187636','gjacobs@dashh.ca','Prof. Eino Hoeger DD','71g75b38','(623)196-3900'),
    ('N6021921','sbosco@dashh.ca','Bridget Connelly','71x15z26','(407)853-1116'),
    ('N1700972','abagail.hilll@dashh.ca','Efren Reynolds','71x43b14','(170)936-5058'),
    ('N5978198','lmueller@dashh.ca','Justina Watsica','72k50p77','(865)961-8039'),
    ('N7167808','marietta.carroll@dashh.ca','Alexzander Jacobi','73e61u63','(274)849-9213'),
    ('N4602975','ellsworth25@dashh.ca','Korbin Kiehn','73f49g08','(347)422-8108'),
    ('N2795657','mariane.sanford@dashh.ca','Dr. Karl Doyle','73j70e35','(451)102-7943'),
    ('N2627477','nicolas92@dashh.ca','Rosa Price','73s39k21','(692)249-8414'),
    ('N4605409','dbruen@dashh.ca','Dr. Katlynn Howe','75f66p05','(927)384-1447'),
    ('N8212195','ubreitenberg@dashh.ca','Maye Beahan','76e36w33','(981)016-5098'),
    ('N3804950','bednar.abbey@dashh.ca','Dorian Muller I','76z10o29','(657)111-8907'),
    ('N9239146','benedict.pollich@dashh.ca','Ms. Lacey Stracke','76z55l35','(270)062-4873'),
    ('N8069668','qschowalter@dashh.ca','Arvel Gleason','77x15m92','(215)478-2204'),
    ('N7445232','cmueller@dashh.ca','Crystel Sipes Sr.','78m77q17','(900)201-9382'),
    ('N1097058','anabelle77@dashh.ca','Miss Ebony Gleason','78u63i42','(943)053-4497'),
    ('N7109191','heathcote.tom@dashh.ca','Rocio Mills I','79m24c14','(561)157-4506'),
    ('N3860909','amber65@dashh.ca','Anabelle Cormier','79y41u76','(730)495-9658'),
    ('N9307983','jacobi.alexa@dashh.ca','Amira Lubowitz II','80r95u41','(328)829-7668'),
    ('N7643623','wehner.jakayla@dashh.ca','Hermann Barrows','80x50i16','(775)611-7485'),
    ('N8767380','qschmidt@dashh.ca','Prof. Juston Bradtke','81z65j04','(194)317-8665'),
    ('N9788286','jailyn.rice@dashh.ca','Mr. Oren Nolan IV','82e19l14','(059)097-7522'),
    ('N6072683','dare.dakota@dashh.ca','Dr. Louisa Feil V','83t67u60','(188)915-1959'),
    ('N6487427','dach.mckayla@dashh.ca','Dylan McDermott','85d28s18','(822)590-2156'),
    ('N3693362','beatty.jackson@dashh.ca','Donnell Kub','85d90v41','(204)113-7431'),
    ('N1900157','hollis.nikolaus@dashh.ca','Mr. Colton Orn PhD','85k24t08','(742)538-7485'),
    ('N5066299','bria.gislason@dashh.ca','Dr. Charley Oberbrun','86a28c47','(384)055-2409'),
    ('N6217386','conner05@dashh.ca','Dale Marvin','86h25g61','(911)458-5611'),
    ('N9134486','xaufderhar@dashh.ca','Deanna Bogan','86j86w95','(431)852-9652'),
    ('N3049895','cartwright.jana@dashh.ca','Elouise Wehner','86u32j57','(078)128-7385'),
    ('T5270206','gerhold.jada@dashh.ca','Dr. Simeon Wuckert M','87r32a44','(731)476-1270'),
    ('T4638670','timmy84@dashh.ca','Josh Stoltenberg','87w67d96','(336)311-4737'),
    ('T3003735','otis.bruen@dashh.ca','Prof. Gerda Goodwin','88q95v59','(865)767-3824'),
    ('T5013741','muller.carlotta@dashh.ca','Foster Okuneva','89e24u97','(436)197-0638'),
    ('T1723869','dhansen@dashh.ca','Dr. Adrienne Fadel','89g33g26','(418)875-8358'),
    ('T8661158','gillian29@dashh.ca','Mrs. Bridie O''Conner','89n15j83','(155)332-3715'),
    ('T8285496','ykemmer@dashh.ca','Sonia Keebler','89o10j79','(548)576-4720'),
    ('T7468149','buddy.walker@dashh.ca','Madyson Batz','90a23s23','(533)864-2472'),
    ('T1716727','lucienne.wintheiser@dashh.ca','Miss Althea Feil MD','90l22v91','(101)035-4671'),
    ('T9810584','harris.lia@dashh.ca','Wilburn King','90o24z62','(258)388-9721'),
    ('T2929619','fay.tracy@dashh.ca','Alexandre Kilback','90z25j66','(359)439-1165'),
    ('T3690768','bkunde@dashh.ca','Prof. Cierra Davis P','91g59d91','(052)258-5082'),
    ('T9372573','kirstin.kuvalis@dashh.ca','Cleveland Runte','92i21f51','(223)909-8184'),
    ('T9299746','zemlak.lucie@dashh.ca','Miss Margarett Herma','92m86l98','(298)806-4342'),
    ('T4822545','hreilly@dashh.ca','Miss Roberta Wolf Sr','94o78e33','(289)193-3819'),
    ('T5931096','moses54@dashh.ca','Buford Kuvalis PhD','95r67d64','(838)458-8908'),
    ('T7076960','rwintheiser@dashh.ca','Daniella Powlowski','95u00h39','(126)837-3215'),
    ('T4284216','elliot.fisher@dashh.ca','Maybell Parisian','96a54v00','(125)224-4200'),
    ('T2842772','hilpert.willis@dashh.ca','Jerrold Carroll DVM','96d10x23','(238)698-0015'),
    ('T4685246','jlehner@dashh.ca','Miss Skyla Reichel M','96p57j74','(845)241-6997');


INSERT INTO Patient VALUES
    (11049075,'xtreutel@hotmail.com','Dr. Robin DuBuque','539-84589-693487','(002)598-3870'),
    (11062204,'wiegand.barbara@yahoo.com','Prof. Francesca Glei','947-19958-574125','(170)729-3042'),
    (12401167,'hjohnson@yahoo.com','Melissa Mitchell','415-43225-516703','(374)610-7716'),
    (12676763,'lbeahan@gmail.com','Mr. Lindsey Wisoky D','443-12209-146908','(534)342-8808'),
    (12783130,'athena.donnelly@hotmail.com','Justice Adams','036-27765-540455','(109)030-7267'),
    (12971781,'aleen52@hotmail.com','Mohammad Carroll','553-70305-590650','(329)802-0740'),
    (12992176,'pgibson@yahoo.com','Edison Douglas','184-14763-376757','(340)460-0077'),
    (14517543,'cristina73@gmail.com','Lane Dibbert','468-90528-841278','(866)087-6164'),
    (14614975,'dsanford@yahoo.com','Citlalli Hagenes','844-74658-859352','(674)032-7560'),
    (15091788,'keebler.francisco@yahoo.com','Miss Megane Jones','885-82265-679329','(843)881-0189'),
    (17391516,'quigley.markus@yahoo.com','Darion Cronin','495-14368-335746','(302)309-7401'),
    (17463606,'weimann.shad@yahoo.com','Mr. Joe Towne','569-71707-563928','(360)522-3910'),
    (17906064,'abby18@hotmail.com','Leonor Effertz','189-59729-481442','(873)162-6384'),
    (20307253,'sidney.hoeger@yahoo.com','Ms. Mina Kunze','515-72059-628005','(915)188-2868'),
    (21342754,'pierce.yost@hotmail.com','Casper Bauch','253-11433-970239','(182)176-1662'),
    (21661558,'reynolds.bettie@hotmail.com','Alvina Moen','740-14545-212876','(816)368-8012'),
    (22414990,'nellie08@gmail.com','Laurine Doyle','791-35507-114212','(757)686-8983'),
    (23365389,'lowe.alicia@yahoo.com','Mr. Ferne Deckow','068-37219-629092','(611)065-8585'),
    (23767152,'kevon.williamson@gmail.com','Dr. Oliver Lynch','752-04331-234798','(282)295-7704'),
    (24651683,'ubaumbach@gmail.com','Maxine Crona','968-74954-089701','(873)665-9710'),
    (25689418,'beahan.carmen@hotmail.com','Abelardo Medhurst','658-80132-848243','(813)058-9072'),
    (26006756,'ttromp@yahoo.com','Misael Jakubowski MD','930-71459-473231','(713)376-5504'),
    (26443010,'kemmer.burnice@gmail.com','Miss Ernestina Kilba','576-23928-900168','(831)330-3832'),
    (27304892,'katrina85@yahoo.com','Miss Bert Goldner MD','804-13136-153211','(818)213-4767'),
    (27401264,'vandervort.vincenza@gmail.com','Ms. Camylle O''Kon II','199-67035-363518','(269)241-9590'),
    (27664192,'tnitzsche@yahoo.com','Dr. Delilah Jerde','609-63355-024898','(060)970-5750'),
    (28353471,'rohan.nona@yahoo.com','Mr. Justus Rosenbaum','291-76801-094395','(766)721-4064'),
    (29165520,'blick.zakary@hotmail.com','Josefina Kuhn','656-39176-779617','(325)395-0695'),
    (30223626,'bmueller@gmail.com','Prof. Jared Hintz DD','000-50536-908231','(599)042-0349'),
    (30777915,'daija.mayert@gmail.com','Dr. Hollie Tromp','148-60245-140325','(630)369-8253'),
    (31013848,'derek77@yahoo.com','Kacie Kozey','397-47365-929679','(106)884-6509'),
    (31411345,'rosanna09@hotmail.com','Dr. Kayley Muller','206-04266-720873','(177)028-3320'),
    (31577915,'marlee23@hotmail.com','Allene Hettinger','157-65706-894997','(237)076-7485'),
    (32292521,'leif65@hotmail.com','Aileen Rohan','937-34160-523396','(314)718-7306'),
    (34427333,'wiza.verdie@gmail.com','Ms. Filomena Will DD','190-15798-581017','(035)568-4116'),
    (34472948,'erna53@yahoo.com','Brittany Maggio III','057-94315-956559','(071)375-2623'),
    (35876050,'mcdermott.noe@hotmail.com','Ms. Genesis Dare','303-74874-141858','(026)778-5454'),
    (36224260,'qschmeler@yahoo.com','Okey Bartoletti','285-46337-003224','(696)860-1036'),
    (36964637,'maria98@yahoo.com','Horacio Bernhard','103-57546-872336','(723)077-9775'),
    (37214789,'borer.beaulah@yahoo.com','Elinor Kemmer','237-28525-289882','(067)424-7858'),
    (41329949,'tracy04@gmail.com','Zane Mann','390-65782-286126','(305)201-5029'),
    (41814934,'michale.champlin@gmail.com','Amaya Grant','140-20969-608543','(742)198-7021'),
    (42206937,'mohr.brent@hotmail.com','Logan Botsford','222-20640-451518','(165)437-3631'),
    (42301961,'qpfannerstill@yahoo.com','Laney Johnson','105-47183-641511','(608)752-4716'),
    (42565556,'madison.beier@hotmail.com','Brennan Hegmann','973-21487-399456','(207)712-5112'),
    (43299062,'winston26@hotmail.com','Aniyah Quigley','846-54170-380947','(996)488-6400'),
    (45353259,'lparisian@yahoo.com','Brock Torp','958-21955-226840','(843)514-8080'),
    (46100197,'alexanne64@yahoo.com','Dorcas Mueller','936-76531-217271','(805)570-8983'),
    (47298583,'cstamm@hotmail.com','Julio McGlynn','484-98706-265287','(050)977-2222'),
    (48272263,'emory.johnson@hotmail.com','Augustine Conn DDS','083-64584-108510','(153)036-3128'),
    (48921920,'vbayer@yahoo.com','Dr. Marcelle Orn I','396-40874-829936','(174)471-0051'),
    (49446670,'eda.larson@gmail.com','Dr. Garfield Walker','401-99083-050406','(442)712-5230'),
    (50350636,'vglover@yahoo.com','Matilda Heller','384-20313-419318','(113)593-2925'),
    (50540954,'nitzsche.blake@hotmail.com','Olaf Batz','044-76214-392852','(378)069-6098'),
    (50658035,'richie.jaskolski@gmail.com','Zack Donnelly','951-24342-890031','(289)432-3977'),
    (51048978,'pwyman@yahoo.com','Reanna Brekke','522-63759-027770','(130)244-2785'),
    (52090908,'huels.damion@gmail.com','Brenda Brekke I','972-36008-687929','(420)776-8711'),
    (52335849,'lwaelchi@hotmail.com','Rebeka Jones','464-77310-746016','(798)276-1164'),
    (52810026,'floy.towne@yahoo.com','Elliott Ankunding Jr','177-88377-600367','(403)194-9148'),
    (52836335,'xbogisich@hotmail.com','Buster Hilpert','189-20277-322749','(095)825-1641'),
    (54321437,'lyda92@gmail.com','Cullen Bailey','623-18427-694135','(902)181-5478'),
    (54342043,'clyde.pfannerstill@hotmail.com','Dr. Laurine Bode','751-03588-361061','(769)698-3672'),
    (54467336,'octavia.walsh@yahoo.com','Miss Nannie Mosciski','119-24386-755420','(129)643-4073'),
    (54861058,'meggie95@yahoo.com','Effie Hirthe','809-88596-367500','(913)647-1340'),
    (55577317,'ygreenfelder@yahoo.com','Dr. Tyree Lind','422-67835-255776','(813)627-8340'),
    (56037999,'hcarroll@gmail.com','Ruthe Beahan','546-95951-666166','(365)615-4945'),
    (57691846,'gspencer@hotmail.com','Terrill Stroman','833-82256-586707','(893)935-1163'),
    (59613664,'srice@hotmail.com','Christ Kshlerin','412-76298-726285','(424)377-3452'),
    (60454853,'prosacco.sheridan@hotmail.com','Prof. Judge Ryan II','347-34025-750551','(091)226-9282'),
    (61778578,'amurphy@gmail.com','Emery Legros','309-37211-820116','(535)010-4927'),
    (62692209,'jstrosin@hotmail.com','Cecilia Casper','802-37663-303644','(780)217-5565'),
    (63105336,'skylar.o''connell@yahoo.com','Janessa Okuneva MD','705-96587-010769','(856)815-1500'),
    (64027884,'alberta.bailey@yahoo.com','Tara Marks','691-35013-424054','(763)955-0670'),
    (65948318,'ajohnston@yahoo.com','Norbert Howe','846-06892-598695','(948)211-7451'),
    (66447621,'arno.schaden@hotmail.com','Dr. Nathen Waters','513-64958-478272','(211)008-9843'),
    (67033395,'mgerhold@gmail.com','Aurelio Kiehn','562-57647-474309','(474)186-9470'),
    (67213912,'spencer.madeline@gmail.com','Mr. Weston Witting I','162-89478-062639','(140)607-7052'),
    (67285063,'purdy.jorge@gmail.com','Leslie Bayer Jr.','422-93124-911598','(257)640-6054'),
    (69674035,'deborah.leannon@yahoo.com','Ernestina Upton','316-45877-827589','(626)084-2914'),
    (71447890,'austen.rau@hotmail.com','Hank Rogahn','161-70393-544076','(410)411-2277'),
    (71468983,'zakary.cartwright@hotmail.com','Mrs. Marcia Sanford','196-92327-066388','(373)981-7365'),
    (71491098,'kunze.aileen@hotmail.com','Dr. Micheal Predovic','557-77373-551672','(088)701-0413'),
    (71526679,'balistreri.andy@hotmail.com','Faustino Kris','499-46193-209683','(997)646-1788'),
    (78519455,'myra31@yahoo.com','Oscar Veum DVM','435-18858-961609','(452)476-2339'),
    (79667811,'giovanni.fadel@yahoo.com','Lourdes Wolff','090-34022-144713','(428)455-4726'),
    (81322791,'carrie84@gmail.com','Cassie Hilpert','445-90307-263390','(990)625-9708'),
    (84034031,'powlowski.jarrett@yahoo.com','Maria Rohan','368-84136-871724','(430)910-9006'),
    (84667949,'janessa59@yahoo.com','Heloise Stracke','693-46503-594719','(641)751-4356'),
    (84830066,'unienow@hotmail.com','Damion Lind','240-92167-531997','(539)106-2526'),
    (85273035,'fermin53@yahoo.com','Kip Funk','094-09187-736797','(594)922-5086'),
    (85290930,'wjohnston@gmail.com','Ms. Kirsten Lesch Ph','552-45666-244247','(117)429-7592'),
    (85491878,'lorna28@hotmail.com','Meta Bayer','427-18509-097067','(784)438-3196'),
    (86814637,'strosin.casandra@hotmail.com','Ava Reichel','949-35924-964389','(454)883-8964'),
    (87346530,'chanelle.kunze@hotmail.com','Marcelino Hermann MD','020-54314-193189','(340)710-7100'),
    (88574741,'kessler.kenneth@hotmail.com','Louisa Bogisich','572-03419-142785','(227)371-6498'),
    (94078630,'christy71@yahoo.com','Efren Jakubowski','810-51981-219913','(018)339-0930'),
    (94348159,'aiyana12@yahoo.com','Elva Larkin','807-19026-865525','(174)255-8587'),
    (95035370,'quitzon.buford@gmail.com','Brionna Rogahn','157-22346-734435','(352)423-5856'),
    (95789579,'lauryn93@hotmail.com','Ahmed Collins','128-03983-868130','(558)813-3648'),
    (96556381,'towne.friedrich@hotmail.com','Mr. Ramon Cole','333-83653-039238','(615)065-6568');

INSERT INTO DOCTOR VALUES
    ('D1487832',0),
    ('D4662778',0),
    ('D6895823',1),
    ('D6394353',1),
    ('D4718963',1),
    ('D1501237',1),
    ('D7895025',0),
    ('D8249792',1),
    ('D2135117',1),
    ('D8187674',0),
    ('D9061424',0),
    ('D2930710',1),
    ('D5673489',0),
    ('D5863027',0),
    ('D6454048',1),
    ('D1156873',1),
    ('D1474955',1),
    ('D3563865',0),
    ('D1252049',0),
    ('D5865436',0),
    ('D9795322',0),
    ('D3539247',1),
    ('D6585460',0),
    ('D9843191',1),
    ('D2146208',1),
    ('D6407274',0),
    ('D2490510',1),
    ('D7259807',0),
    ('D7218535',1),
    ('D2750066',0),
    ('D3848100',0),
    ('D7068973',0),
    ('D9833810',1),
    ('D7628013',0),
    ('D3827920',1),
    ('D9524546',0),
    ('D7683565',0),
    ('D5117894',1),
    ('D7957726',0),
    ('D5531039',0),
    ('D9314259',0),
    ('D8262840',0),
    ('D8469398',0),
    ('D2947209',1),
    ('D3945509',1),
    ('D8285155',0),
    ('D9593427',0),
    ('D7562607',0),
    ('D6847619',0),
    ('D3189068',0);

INSERT INTO Nurse VALUES
    ('N4016985','D4662778'),
    ('N4952450','D6895823'),
    ('N6672953','D6394353'),
    ('N7506829','D4718963'),
    ('N2128058','D1501237'),
    ('N8614945','D7895025'),
    ('N2844174','D8249792'),
    ('N8995218','D2135117'),
    ('N2957012','D8187674'),
    ('N4487689','D9061424'),
    ('N9903600','D5673489'),
    ('N3534715','D1156873'),
    ('N6547406','D1474955'),
    ('N8912130','D3563865'),
    ('N3700309','D1252049'),
    ('N3906802','D3539247'),
    ('N9678373','D6585460'),
    ('N1062984','D9843191'),
    ('N3161399','D2146208'),
    ('N4419417','D6407274'),
    ('N8357803','D2490510'),
    ('N7261451','D7259807'),
    ('N6194993','D7218535'),
    ('N3817043','D2750066'),
    ('N8248636','D3848100'),
    ('N1848693','D7068973'),
    ('N5727781','D9833810'),
    ('N3529140','D7628013'),
    ('N5850679','D3827920'),
    ('N4732950','D9524546'),
    ('N5407599','D7683565'),
    ('N6900235','D5117894'),
    ('N6269244','D7957726'),
    ('N5298707','D5531039'),
    ('N1052541','D9314259'),
    ('N9967693','D8262840'),
    ('N7745928','D8469398'),
    ('N3926757','D2947209'),
    ('N3115109','D3945509'),
    ('N7830652','D9593427'),
    ('N4269264','D7562607'),
    ('N9586114','D6847619'),
    ('N2781701','D3189068'),
    ('N4592018','D1487832'),
    ('N1462032','D1156873'),
    ('N1069581','D1474955'),
    ('N2029556','D3563865'),
    ('N8304154','D1252049'),
    ('N2451753','D9795322'),
    ('N9253309','D3539247'),
    ('N6702384','D6585460'),
    ('N1737640','D9843191'),
    ('N2504376','D4662778'),
    ('N6368454','D8187674'),
    ('N2357255','D9524546'),
    ('N5787029','D8262840'),
    ('N6431294','D7628013'),
    ('N6434573','D3827920'),
    ('N8191416','D9524546'),
    ('N1544473','D7683565'),
    ('N8548390','D5117894'),
    ('N7998331','D7957726'),
    ('N6829196','D5531039'),
    ('N3406406','D9314259'),
    ('N7736931','D8262840'),
    ('N5401322','D7683565'),
    ('N3197976','D5117894'),
    ('N6335277','D7957726'),
    ('N6596624','D5531039'),
    ('N5615367','D9314259'),
    ('N5494590','D8262840'),
    ('N8187636','D8469398'),
    ('N6021921','D2947209'),
    ('N1700972','D3945509'),
    ('N5978198','D9593427'),
    ('N7167808','D7562607'),
    ('N4602975','D6847619'),
    ('N2795657','D3189068'),
    ('N2627477','D1487832'),
    ('N4605409','D6407274'),
    ('N8212195','D2490510'),
    ('N3804950','D7259807'),
    ('N9239146','D7218535'),
    ('N8069668','D2750066'),
    ('N7445232','D3848100'),
    ('N1097058','D7068973'),
    ('N7109191','D9833810'),
    ('N3860909','D7628013'),
    ('N9307983','D3827920'),
    ('N7643623','D9524546'),
    ('N8767380','D4662778'),
    ('N9788286','D6895823'),
    ('N6072683','D6394353'),
    ('N6487427','D4718963'),
    ('N3693362','D1501237'),
    ('N1900157','D7895025'),
    ('N5066299','D8249792'),
    ('N6217386','D2135117'),
    ('N9134486','D8187674'),
    ('N3049895','D9061424');

INSERT INTO Lab_Technician VALUES
    ('T5270206','ECG00001'),
    ('T4638670','CT000001'),
    ('T3003735','MRI00001'),
    ('T5013741','XRAY0001'),
    ('T1723869','EEG00001'),
    ('T8661158','BT000001'),
    ('T8285496','BT000002'),
    ('T7468149','XRAY0002'),
    ('T1716727','CT000002'),
    ('T9810584','ECG00001'),
    ('T2929619','CT000001'),
    ('T3690768','MRI00001'),
    ('T9372573','XRAY0001'),
    ('T9299746','EEG00001'),
    ('T4822545','BT000001'),
    ('T5931096','BT000002'),
    ('T7076960','XRAY0002'),
    ('T4284216','CT000002'),
    ('T2842772','CT000001'),
    ('T4685246','BT000001');

INSERT INTO Facility VALUES
    ('ECG00001','ElectroCardiography'),
    ('CT000001','CT'),
    ('MRI00001','MRI'),
    ('XRAY0001','X-RAY'),
    ('EEG00001','Electroencephalography'),
    ('BT000001','Blood Test'),
    ('BT000002','Blood Test'),
    ('XRAY0002','X-RAY'),
    ('CT000002','CT');

    commit work;

