INSERT INTO STAFF (Email, Name, License, Phone) VALUES
    ('randi25@dashh.ca','Cathryn Volkman','00b40u38','(847)751-0158'),
    ('elian.flatley@dashh.ca','Pearline King','00p74v36','(906)060-6217'),
    ('erna44@dashh.ca','Ali Conroy','00x48r89','(676)057-5972'),
    ('dare.heidi@dashh.ca','PansyO Kon','00y51t43','(230)100-1880'),
    ('thomas94@dashh.ca','Dr. Dagmar Schmidt','01o26b57','(629)119-9664'),
    ('drunte@dashh.ca','Nickolas Johnson','02l91w21','(957)145-2026'),
    ('collins.jackson@dashh.ca','Dr. Ralph Kirlin Jr.','03d42a41','(488)642-4803'),
    ('leonora30@dashh.ca','Bonnie Erdman','06p52y53','(739)173-0888'),
    ('porter.feeney@dashh.ca','Prof. Gerhard Hills ','06q95f40','(505)110-1114'),
    ('aubrey26@dashh.ca','Elinore Beer','07e50m52','(753)590-9410'),
    ('pfannerstill.estell@dashh.ca','Mrs. Eloise Klocko','07k79l62','(995)600-5133'),
    ('ibeer@dashh.ca','Miss Alva Gislason D','07r36l25','(783)250-9190'),
    ('swaniawski.lorine@dashh.ca','Hassie Bergstrom','07s95x85','(562)000-9321'),
    ('wolff.aurelie@dashh.ca','Kelley Schoen','07z68v12','(135)833-1706'),
    ('ivah.gusikowski@dashh.ca','Rafael Tromp','09e55u87','(294)304-8410'),
    ('thompson.faye@dashh.ca','Destiney Dare','27y32n35','(046)386-2194'),
    ('xprosacco@dashh.ca','Aurore Buckridge','28j55b05','(665)375-3952'),
    ('alexzander35@dashh.ca','Dr. Ronny DuBuque DD','28s27n19','(646)371-8972'),
    ('dibbert.carolyne@dashh.ca','Prof. Everardo Cruic','29c59h72','(656)361-8140'),
    ('walter.audreanne@dashh.ca','Baby VonRueden','29e01e40','(658)454-7415'),
    ('frederick.ruecker@dashh.ca','Cleta Johns PhD','29n45c73','(942)006-0975'),
    ('igutmann@dashh.ca','Ernest Carroll','29s01u07','(989)328-0025'),
    ('cathy.grady@dashh.ca','Jackie Brekke','29u59w99','(743)222-9512'),
    ('nrolfson@dashh.ca','Mrs. Retha Zboncak D','30i85s36','(840)598-9946'),
    ('fgleichner@dashh.ca','Pinkie Considine','30s39p51','(081)053-7470'),
    ('ladarius67@dashh.ca','Miss Alycia Wunsch','30w15n53','(995)748-1626'),
    ('pierre.baumbach@dashh.ca','Gordon Hettinger','31i38y07','(137)287-2020'),
    ('monahan.russell@dashh.ca','Zechariah Klein','31r51t60','(771)525-5870'),
    ('kylie10@dashh.ca','Travis Cole Sr.','31v19r35','(101)072-3183'),
    ('lorna96@dashh.ca','Dr. Jalen Christians','34k28x98','(355)644-5675'),
    ('nedra15@dashh.ca','Willard Erdman Sr.','35f18n48','(113)156-9109'),
    ('creichel@dashh.ca','Gabrielle DuBuque','35h70n39','(732)240-9128'),
    ('jacynthe.goldner@dashh.ca','Roel Mitchell','35l73l56','(434)063-8527'),
    ('orn.kaelyn@dashh.ca','Ms. Rosamond Hansen ','35w31q40','(142)605-1587'),
    ('riley.dach@dashh.ca','Annabell Strosin III','36t12d51','(671)687-1897'),
    ('heidi.lubowitz@dashh.ca','Dr. Jovany Sanford D','37u19y72','(373)580-6243'),
    ('okeeling@dashh.ca','Dr. Adan Frami V','38d50r25','(776)303-9424'),
    ('blaze63@dashh.ca','Triston Tillman','38m83s28','(837)094-2869'),
    ('dkihn@dashh.ca','Dr. Colin Nitzsche D','38s41o07','(590)373-8783'),
    ('parker.haley@dashh.ca','Linnea Buckridge','39c65s05','(368)178-7221'),
    ('gerhold.jada@dashh.ca','Dr. Simeon Wuckert M','87r32a44','(731)476-1270'),
    ('timmy84@dashh.ca','Josh Stoltenberg','87w67d96','(336)311-4737'),
    ('otis.bruen@dashh.ca','Prof. Gerda Goodwin','88q95v59','(865)767-3824'),
    ('muller.carlotta@dashh.ca','Foster Okuneva','89e24u97','(436)197-0638'),
    ('dhansen@dashh.ca','Dr. Adrienne Fadel','89g33g26','(418)875-8358'),
    ('gillian29@dashh.ca','Mrs. Bridie O''Conner','89n15j83','(155)332-3715'),
    ('ykemmer@dashh.ca','Sonia Keebler','89o10j79','(548)576-4720'),
    ('buddy.walker@dashh.ca','Madyson Batz','90a23s23','(533)864-2472'),
    ('lucienne.wintheiser@dashh.ca','Miss Althea Feil MD','90l22v91','(101)035-4671'),
    ('harris.lia@dashh.ca','Wilburn King','90o24z62','(258)388-9721'),
    ('fay.tracy@dashh.ca','Alexandre Kilback','90z25j66','(359)439-1165'),
    ('bkunde@dashh.ca','Prof. Cierra Davis P','91g59d91','(052)258-5082'),
    ('kirstin.kuvalis@dashh.ca','Cleveland Runte','92i21f51','(223)909-8184'),
    ('zemlak.lucie@dashh.ca','Miss Margarett Herma','92m86l98','(298)806-4342'),
    ('hreilly@dashh.ca','Miss Roberta Wolf Sr','94o78e33','(289)193-3819'),
    ('moses54@dashh.ca','Buford Kuvalis PhD','95r67d64','(838)458-8908'),
    ('rwintheiser@dashh.ca','Daniella Powlowski','95u00h39','(126)837-3215'),
    ('elliot.fisher@dashh.ca','Maybell Parisian','96a54v00','(125)224-4200'),
    ('hilpert.willis@dashh.ca','Jerrold Carroll DVM','96d10x23','(238)698-0015'),
    ('jlehner@dashh.ca','Miss Skyla Reichel M','96p57j74','(845)241-6997');


INSERT INTO Patient(Email,Name,HealthCard,Phone) VALUES
    ('wiegand.barbara@yahoo.com','Prof. Francesca Glei','947-19958-574125','(170)729-3042'),
    ('hjohnson@yahoo.com','Melissa Mitchell','415-43225-516703','(374)610-7716'),
    ('lbeahan@gmail.com','Mr. Lindsey Wisoky D','443-12209-146908','(534)342-8808'),
    ('athena.donnelly@hotmail.com','Justice Adams','036-27765-540455','(109)030-7267'),
    ('aleen52@hotmail.com','Mohammad Carroll','553-70305-590650','(329)802-0740'),
    ('pgibson@yahoo.com','Edison Douglas','184-14763-376757','(340)460-0077'),
    ('cristina73@gmail.com','Lane Dibbert','468-90528-841278','(866)087-6164'),
    ('dsanford@yahoo.com','Citlalli Hagenes','844-74658-859352','(674)032-7560'),
    ('keebler.francisco@yahoo.com','Miss Megane Jones','885-82265-679329','(843)881-0189'),
    ('quigley.markus@yahoo.com','Darion Cronin','495-14368-335746','(302)309-7401'),
    ('weimann.shad@yahoo.com','Mr. Joe Towne','569-71707-563928','(360)522-3910'),
    ('abby18@hotmail.com','Leonor Effertz','189-59729-481442','(873)162-6384'),
    ('sidney.hoeger@yahoo.com','Ms. Mina Kunze','515-72059-628005','(915)188-2868'),
    ('pierce.yost@hotmail.com','Casper Bauch','253-11433-970239','(182)176-1662'),
    ('reynolds.bettie@hotmail.com','Alvina Moen','740-14545-212876','(816)368-8012'),
    ('nellie08@gmail.com','Laurine Doyle','791-35507-114212','(757)686-8983'),
    ('lowe.alicia@yahoo.com','Mr. Ferne Deckow','068-37219-629092','(611)065-8585'),
    ('kevon.williamson@gmail.com','Dr. Oliver Lynch','752-04331-234798','(282)295-7704'),
    ('ubaumbach@gmail.com','Maxine Crona','968-74954-089701','(873)665-9710'),
    ('beahan.carmen@hotmail.com','Abelardo Medhurst','658-80132-848243','(813)058-9072'),
    ('ttromp@yahoo.com','Misael Jakubowski MD','930-71459-473231','(713)376-5504'),
    ('kemmer.burnice@gmail.com','Miss Ernestina Kilba','576-23928-900168','(831)330-3832'),
    ('katrina85@yahoo.com','Miss Bert Goldner MD','804-13136-153211','(818)213-4767'),
    ('vandervort.vincenza@gmail.com','Ms. Camylle O''Kon II','199-67035-363518','(269)241-9590'),
    ('tnitzsche@yahoo.com','Dr. Delilah Jerde','609-63355-024898','(060)970-5750'),
    ('rohan.nona@yahoo.com','Mr. Justus Rosenbaum','291-76801-094395','(766)721-4064'),
    ('blick.zakary@hotmail.com','Josefina Kuhn','656-39176-779617','(325)395-0695'),
    ('bmueller@gmail.com','Prof. Jared Hintz DD','000-50536-908231','(599)042-0349'),
    ('daija.mayert@gmail.com','Dr. Hollie Tromp','148-60245-140325','(630)369-8253'),
    ('derek77@yahoo.com','Kacie Kozey','397-47365-929679','(106)884-6509'),
    ('rosanna09@hotmail.com','Dr. Kayley Muller','206-04266-720873','(177)028-3320'),
    ('marlee23@hotmail.com','Allene Hettinger','157-65706-894997','(237)076-7485'),
    ('leif65@hotmail.com','Aileen Rohan','937-34160-523396','(314)718-7306'),
    ('wiza.verdie@gmail.com','Ms. Filomena Will DD','190-15798-581017','(035)568-4116'),
    ('erna53@yahoo.com','Brittany Maggio III','057-94315-956559','(071)375-2623'),
    ('mcdermott.noe@hotmail.com','Ms. Genesis Dare','303-74874-141858','(026)778-5454'),
    ('qschmeler@yahoo.com','Okey Bartoletti','285-46337-003224','(696)860-1036'),
    ('maria98@yahoo.com','Horacio Bernhard','103-57546-872336','(723)077-9775'),
    ('borer.beaulah@yahoo.com','Elinor Kemmer','237-28525-289882','(067)424-7858'),
    ('tracy04@gmail.com','Zane Mann','390-65782-286126','(305)201-5029'),
    ('michale.champlin@gmail.com','Amaya Grant','140-20969-608543','(742)198-7021'),
    ('mohr.brent@hotmail.com','Logan Botsford','222-20640-451518','(165)437-3631'),
    ('qpfannerstill@yahoo.com','Laney Johnson','105-47183-641511','(608)752-4716'),
    ('madison.beier@hotmail.com','Brennan Hegmann','973-21487-399456','(207)712-5112'),
    ('winston26@hotmail.com','Aniyah Quigley','846-54170-380947','(996)488-6400'),
    ('lparisian@yahoo.com','Brock Torp','958-21955-226840','(843)514-8080'),
    ('alexanne64@yahoo.com','Dorcas Mueller','936-76531-217271','(805)570-8983'),
    ('cstamm@hotmail.com','Julio McGlynn','484-98706-265287','(050)977-2222'),
    ('emory.johnson@hotmail.com','Augustine Conn DDS','083-64584-108510','(153)036-3128');

INSERT INTO DOCTOR VALUES
    (1000,1),
    (1001,0),
    (1002,0),
    (1003,1),
    (1004,0),
    (1005,0),
    (1006,1),
    (1007,1),
    (1008,1),
    (1009,1),
    (1010,0),
    (1011,1),
    (1012,0),
    (1013,1),
    (1014,0);

INSERT INTO Nurse VALUES
    (1015,1000),
    (1016,1001),
    (1017,1002),
    (1018,1003),
    (1019,1005),
    (1020,1006),
    (1021,1008),
    (1022,1010),
    (1023,1011),
    (1024,1012),
    (1025,1013),
    (1026,1002),
    (1027,1003),
    (1028,1005),
    (1029,1006),
    (1030,1008),
    (1031,1010),
    (1032,1002),
    (1033,1000),
    (1034,1001),
    (1035,1002),
    (1036,1003),
    (1037,1005),
    (1038,1006),
    (1039,1008);

NSERT INTO Lab_Technician VALUES
    (1040,'ECG00001'),
    (1041,'CT000001'),
    (1042,'MRI00001'),
    (1043,'XRAY0001'),
    (1044,'EEG00001'),
    (1045,'BT000001'),
    (1046,'BT000002'),
    (1047,'XRAY0002'),
    (1048,'CT000002'),
    (1049,'ECG00001'),
    (1050,'CT000001'),
    (1051,'MRI00001'),
    (1052,'XRAY0001'),
    (1053,'EEG00001'),
    (1054,'BT000001'),
    (1055,'BT000002'),
    (1056,'XRAY0002'),
    (1057,'CT000002'),
    (1058,'CT000001'),
    (1059,'BT000001');
INSERT INTO Facility VALUES
    ('ECG00001','ElectroCardiography'),
    ('CT000001','CT'),
    ('MRI00001','MRI'),
    ('XRAY0001','X-RAY'),
    ('EEG00001','Electroencephalography'),
    ('BT000001','Blood Test'),
    ('BT000002','Blood Test'),
    ('XRAY0002','X-RAY'),
    ('CT000002','CT');

INSERT INTO GeneralPracitioner VALUES
    (1000),
    (1001),
    (1002),
    (1003),
    (1004),
    (1005),
    (1006),
    (1007),
    (1008),
    (1009);

INSERT INTO Specialist VALUES
    (1010,'Neurologist'),
    (1011,'Immunologist'),
    (1012,'Cardiovascular surgeon'),
    (1013,'Surgeon'),
    (1014,'Dermatologist');

INSERT INTO WeeklySchedule VALUES
    (10000001,1000),
    (10010001,1001),
    (10020001,1002),
    (10030001,1003),
    (10040001,1004),
    (10050001,1005),
    (10060001,1006),
    (10070001,1007),
    (10080001,1008),
    (10090001,1009),
    (10100001,1010),
    (10110001,1011),
    (10120001,1012),
    (10130001,1013),
    (10140001,1014),
    (10150001,1015),
    (10160001,1016),
    (10170001,1017),
    (10180001,1018),
    (10190001,1019),
    (10200001,1020),
    (10210001,1021),
    (10220001,1022),
    (10230001,1023),
    (10240001,1024),
    (10250001,1025),
    (10260001,1026),
    (10270001,1027),
    (10280001,1028),
    (10290001,1029),
    (10300001,1030),
    (10310001,1031),
    (10320001,1032),
    (10330001,1033),
    (10340001,1034),
    (10350001,1035),
    (10360001,1036),
    (10370001,1037),
    (10380001,1038),
    (10390001,1039),
    (10400001,1040),
    (10410001,1041),
    (10420001,1042),
    (10430001,1043),
    (10440001,1044),
    (10450001,1045),
    (10460001,1046),
    (10470001,1047),
    (10480001,1048),
    (10490001,1049),
    (10500001,1050),
    (10510001,1051),
    (10520001,1052),
    (10530001,1053),
    (10540001,1054),
    (10550001,1055),
    (10560001,1056),
    (10570001,1057),
    (10580001,1058),
    (10590001,1059);
INSERT INTO Scheduled_Time VALUES
    ('2019-01-06','12:00:00','20:00:00',10000001,'Room 3001'),
    ('2019-01-04','10:00:00','11:00:00',10590001,'Room 201'),
    ('2019-01-02','09:00:00','18:00:00',10040001,NULL),
    ('2019-01-06','07:00:00','11:00:00',10200001,'Seminar'),
    ('2019-01-04','14:00:00','15:00:00',10030001,NULL),
    ('2019-01-03','11:00:00','22:00:00',10040001,NULL);
INSERT INTO Books VALUES
    ('ECG00001',10000001),
    ('MRI00001',10000002),
    ('MRI00001',10000003),
    ('XRAY0002',10000001);

INSERT INTO Appointment (Date,Time,PID,DID) VALUES
    ('2019-01-06','16:00:00',100012,1004),
    ('2019-01-04','10:00:00',100032,1003),
    ('2019-01-02','10:00:00',100011,1009),
    ('2019-01-06','11:00:00',100001,1008),
    ('2019-01-04','17:00:00',100004,1010),
    ('2019-01-03','18:00:00',100002,1013);
INSERT INTO Treats VALUES
    (1013,100024),
    (1004,100012),
    (1003,100032),
    (1009,100011),
    (1008,100001);

INSERT INTO Prescription(INSTRUCTION, Substitutable) VALUES
    ('Not before Meal',0),
    (NULL,1),
    ('Shakes before taking',0),
    (NULL,1);

INSERT INTO Contains VALUES
    (10000,34649775),
    (10001,35068649),
    (10002,35164372),
    (10003,38253422),
    (10004,38863136),
    (10000,39815526),
    (10001,39832412),
    (10002,40188222),
    (10003,41474553),
    (10004,41984720),
    (10000,45227865),
    (10001,45716327),
    (10002,47283530),
    (10003,50589752),
    (10004,51375902),
    (10003,51483068);

INSERT INTO Medicine VALUES
    (1294739,'Cummerata-Borer','acetaminophen','nisi'),
    (2002134,'Bauch, Abbott and Sc','ibuprofen','praesentium'),
    (2308041,'Vandervort-Smith','acetaminophen','tempore'),
    (2735570,'Boyer, Hodkiewicz an','ibuprofen','dolores'),
    (3340367,'Beahan and Sons','acetaminophen','quo'),
    (3674892,'Denesik-Parisian','ibuprofen','fugit'),
    (5222316,'Blanda-Kunde','ibuprofen','harum'),
    (6321023,'Huels LLC','Actinomycin D','sint'),
    (6588473,'Cummerata-Borer','Amethocaine hydrochloride','tempora'),
    (7219036,'Bauch, Abbott and Sc','Amphotericin','dignissimos'),
    (9665643,'Vandervort-Smith','Amylobarbitone sodium','at'),
    (11510228,'Boyer, Hodkiewicz an','Bacillus Calmette and Guerin','consequuntur'),
    (11822364,'Beahan and Sons','Benzhexol hydrochloride','cumque'),
    (12363454,'Denesik-Parisian','Colaspase','consequatur'),
    (14448489,'Blanda-Kunde','Co-methylcobalamin','repudiandae'),
    (14679459,'Huels LLC','Crystal violet CI42555','a'),
    (15819656,'Cummerata-Borer','Cysteamine bitartrate','facere'),
    (16550061,'Bauch, Abbott and Sc','Dothiepin hydrochloride','qui'),
    (17596605,'Vandervort-Smith','Doxycycline hydrochloride','omnis'),
    (21044495,'Boyer, Hodkiewicz an','Eformoterol','quae'),
    (22997000,'Beahan and Sons','Eformoterol fumarate','sit'),
    (24332151,'Denesik-Parisian','Eformoterol fumarate dihydrate','minima'),
    (24562075,'Blanda-Kunde','Frusemide','veniam'),
    (25438471,'Huels LLC','Frusemide sodium','voluptate'),
    (25981698,'Cummerata-Borer','Glycopyrrolate','perspiciatis'),
    (26065518,'Bauch, Abbott and Sc','Hydroxyurea','aut'),
    (26600339,'Vandervort-Smith','Lignocaine','vel'),
    (27794521,'Boyer, Hodkiewicz an','Co-methylcobalamin','fugiat'),
    (28198250,'Beahan and Sons','Crystal violet CI42555','officia'),
    (29394630,'Denesik-Parisian','Cysteamine bitartrate','temporibus'),
    (30244514,'Blanda-Kunde','Dothiepin hydrochloride','illo'),
    (31553088,'Huels LLC','Doxycycline hydrochloride','corrupti'),
    (31900836,'Marquardt-Terry','Eformoterol','autem'),
    (32864793,'Predovic, Rohan and ','Eformoterol fumarate','sunt'),
    (32911417,'Bogisich, Cummerata ','Eformoterol fumarate dihydrate','aut'),
    (34649775,'Mertz, Dibbert and O','Frusemide','quis'),
    (35068649,'Mayert-Turcotte','Frusemide sodium','numquam'),
    (35164372,'Fisher Ltd','Glycopyrrolate','ratione'),
    (38253422,'Hermiston, Smith and','Hydroxyurea','facilis'),
    (38863136,'Kassulke-Lynch','Lignocaine','eum'),
    (39815526,'Pouros-Wilderman','Co-methylcobalamin','et'),
    (39832412,'Homenick-Champlin','Crystal violet CI42555','deserunt'),
    (40188222,'Oberbrunner, Quitzon','Cysteamine bitartrate','maxime'),
    (41474553,'Baumbach, Fritsch an','Dothiepin hydrochloride','esse'),
    (41984720,'Oberbrunner, Quitzon','Doxycycline hydrochloride','dolorem'),
    (45227865,'Hegmann, Hand and Ti','Eformoterol','quidem'),
    (45716327,'Bergstrom-Larson','Eformoterol fumarate','deleniti'),
    (47283530,'Crist and Sons','Eformoterol fumarate dihydrate','vitae'),
    (50589752,'Williamson-Dare','Frusemide','officiis'),
    (51375902,'Predovic, Rohan and ','Frusemide sodium','perferendis'),
    (51483068,'Bogisich, Cummerata ','Glycopyrrolate','iusto'),
    (51805419,'Mertz, Dibbert and O','Hydroxyurea','doloribus'),
    (51978333,'Mayert-Turcotte','Lignocaine','aut'),
    (51982126,'Fisher Ltd','Co-methylcobalamin','et'),
    (52388528,'Hermiston, Smith and','Crystal violet CI42555','nisi'),
    (56344275,'Kassulke-Lynch','Cysteamine bitartrate','repudiandae'),
    (58019659,'Pouros-Wilderman','Dothiepin hydrochloride','accusantium'),
    (58544238,'Homenick-Champlin','Doxycycline hydrochloride','assumenda'),
    (59758574,'Oberbrunner, Quitzon','Eformoterol','neque'),
    (60666979,'Baumbach, Fritsch an','Eformoterol fumarate','ipsum'),
    (60962130,'Osinski LLC','Eformoterol fumarate dihydrate','totam'),
    (61707737,'West, Conn and Lubow','Frusemide','nostrum'),
    (63861349,'Runolfsdottir Inc','Frusemide sodium','id'),
    (64346312,'Kozey Group','Glycopyrrolate','qui'),
    (64392215,'Stark, Stamm and O''K','Hydroxyurea','veniam'),
    (65842507,'Bartell, Deckow and ','Lignocaine','exercitationem'),
    (65918109,'Osinski LLC','acetaminophen','doloremque'),
    (67348842,'Oberbrunner, Quitzon','ibuprofen','dolor'),
    (70497739,'Osinski LLC','acetaminophen','magnam'),
    (72158888,'Osinski LLC','ibuprofen','exercitationem'),
    (72440000,'Osinski LLC','ibuprofen','tempore'),
    (74319507,'Osinski LLC','acetaminophen','error'),
    (74336227,'Osinski LLC','ibuprofen','quas'),
    (74366260,'Osinski LLC','acetaminophen','sunt'),
    (77572352,'Osinski LLC','ibuprofen','dolorem'),
    (78052795,'Osinski LLC','ibuprofen','sed'),
    (78534506,'Osinski LLC','ibuprofen','quasi'),
    (78661092,'Osinski LLC','acetaminophen','cum'),
    (78777326,'Osinski LLC','ibuprofen','et'),
    (79213965,'Osinski LLC','acetaminophen','dignissimos'),
    (81613556,'Osinski LLC','ibuprofen','et'),
    (82067282,'Osinski LLC','ibuprofen','est'),
    (82275515,'Osinski LLC','Cephalothin sodium','rerum'),
    (82374108,'Kassulke-Lynch','Cephamandole','explicabo'),
    (85728409,'Osinski LLC','Cephazolin','autem'),
    (87082092,'Osinski LLC','Cephazolin sodium','consequatur'),
    (88146715,'Osinski LLC','Chlorthalidone','at'),
    (89226901,'Osinski LLC','Cholecalciferol','harum'),
    (90147511,'Osinski LLC','Cholestyramine','excepturi'),
    (91534855,'Osinski LLC','Cisatracurium besylate','voluptatibus'),
    (91962435,'Osinski LLC','Clomiphene citrate','commodi'),
    (92207285,'Osinski LLC','Cyclosporin','eos'),
    (93224755,'Osinski LLC','Cephalothin sodium','blanditiis'),
    (93301504,'Osinski LLC','Cephamandole','quia'),
    (94614839,'Osinski LLC','Cephazolin','ad'),
    (95907418,'Osinski LLC','Cephazolin sodium','asperiores'),
    (96538813,'Osinski LLC','Chlorthalidone','ea'),
    (97351926,'Osinski LLC','Cholecalciferol','nihil'),
    (98706697,'Osinski LLC','Cholestyramine','nostrum'),
    (99893527,'Osinski LLC','Cisatracurium besylate','non');
